bedType,bed,roomType,view,master_room_type,room_name,
One Bedroom,,,,Apartment,One Bedroom Apartment,
One Bedroom,,,,Apartment,One-Bedroom Apartment,
One Bedroom,,,,Apartment,"Apartment,One BedRoom",
Three Bedrooms,,,,Apartment,Apartment Three Bedrooms,
Three Bedrooms,,,,Apartment,"Apartment, 3 Bedrooms",
Two Bedroom,,,,Apartment,"Apartment,Two BedRoom",
Two Bedrooms,,,,Apartment,Apartment 2 Bedrooms,
Two Bedrooms,,,,Apartment,"Apartment, 2 Bedrooms",
Two Bedrooms,,,,Apartment,Apartment 2 Bedrooms,
Two Bedrooms,,,,Apartment,"Apartment, 2 Bedrooms",
Two Bedrooms,,,,Apartment,Two Bedroom Apartment,
Two Bedrooms,,,,Apartment,Two-Bedroom Apartment,
,,suite ,,Apartment Family Suite,"Apartment 3 Bedroom, Family Suite, Subject To Availability",
,,suite ,,Apartment Family Suite,Family 1 Bedroom Suite Apartment,
,,suite ,,Apartment Family Suite,"Apartment 2 Bedroom Upgrade To Family Suite, Subject To Availability",
,,suite ,,Apartment Suite,Family 2 Bedroom  Suite Apartment,
,,suite ,,Apartment Family Suite,"Apartment 1 Bedroom Upgrade To Family Suite, Subject To Availability",
,,suite ,,Apartment Family Suite,Family Suite Apartment,
,,suite ,,Apartment Suite,2 Bedroom Suite Apartment,
,,suite ,,Apartment Suite,Apartment Suite 2 Bedroom,
,,suite ,,Apartment Suite,Suite Apartment 2 Bedroom,
,,suite ,,Apartment Suite,3 Bedroom Suite Apartment,
,,suite ,,Apartment Suite,Apartment Suite 3 Bedroom,
,,suite ,,Apartment Suite,Suite Apartment 2 Bedroom,
,,suite ,,Apartment Suite,1 Bedroom Suite Apartment,
,,suite ,,Apartment Suite,Apartment Suite,
,,suite ,,Apartment Suite,Suite Apartment,
,,suite ,,Business Suite,Business Suite,
double ,,classic ,,Classic,Classic Double,
double ,,classic ,,Classic,Classic Double Room,
double ,,classic ,,Classic,Double Classic,
double ,queen ,classic ,,Classic,Double Classic Queen,
double ,queen ,classic ,,Classic,Double Room Queen Bed - Classic,
double twin  ,,classic ,,Classic,Classic Double Or Twin Room,
double twin  ,,classic ,,Classic,Double Or Twin Classic,
double twin  ,,classic ,,Classic,Twin/Double Room - Classic,
single ,,classic ,,Classic,Classic Room 4 Person (Super Single Bed),
twin ,,classic ,,Classic,Twin Classic,
twin ,,classic ,,Classic,Twin Room - Classic,
,,classic ,,Classic,Classic Room,
double ,,classic premium ,City,Classic Premium,Classic Premium Double Room With No View,
double ,,classic premium ,City,Classic Premium,Classic Premium Double Room With City View,
double twin ,,classic premium ,,Classic Premium,Double Or Twin Classic Premium,
single ,,classic premium ,,Classic Premium,Classic Premium Single Room With City View,
single  twin ,,classic premium ,,Classic Premium,Single Or Twin Classic Premium,
twin ,,classic premium ,,Classic Premium,"Classic Premium Room, 3 Twin Beds",
twin ,,classic premium ,,Classic Premium,"Classic Premium Room, 2 Twin Beds",
,,classic premium ,,Classic Premium,Classic Premium,
double ,,,,Club,Double Club,
double ,,,,Club,Double Club Room Plus,
double ,,,Towers,Club,Double Club Twin Towers View Room,
double ,,,Towers,Club,Double Club Twin-Tower View,
double ,,,,Club,Double Room - Club Room,
double twin ,,,,Club,Double Or Twin Club,
double twin ,,,,Club,Twin/Double Room - Club Room,
single ,,,,Club,2 Single Club Nonsmoking,
twin ,,,,Club,Club Twin,
twin ,,,,Club,Club Twin Room,
twin ,,,,Club,Club Twin Room With View,
twin ,,,,Club,Twin Club,
twin ,,,,Club,Twin Club Room Plus,
twin ,,,Towers,Club,Twin Club Towers View,
twin ,,,,Club,Twin Royal Club,
,,,,Club,Club,
,,,,Club,Club Room With Club Benefits,
,,,,Club,Club Twin Towers View,
,,,,Club,Club With Club Benefits,
,king ,,Garden,Club,Club Garden View King,
,king ,,,Club,Club King,
,king ,,,Club,Club King Room,
,king ,,,Club,Club King View,
,king ,,,Club,"Club Room, 1 King Bed, Smoking",
,king ,,,Club,Club Tower King Room,
,king ,,,Club,Double Room King Bed - Club Room,
,queen ,suite ,,Club Junior Suite,Club Junior Suite With Queen Bed - Club Lounge Access For Adults Only,
,king ,suite ,,Club Junior Suite,Club Junior Suite With King  - Club Lounge Access For Adults Only,
,queen ,suite ,,Club Junior Suite,Club Junior Suite With Queen - Club Lounge Access For Adults Only,
,king ,suite ,,Club Junior Suite,Club Junior Suite With King Bed - Club Lounge Access For Adults Only,
,queen ,suite ,,Club Junior Suite,Club Junior Suite With Queen – Club,
,king ,suite ,,Club Junior Suite,Club Junior Suite With King Bed – Club,
,queen ,suite ,,Club Junior Suite,Club Junior Suite With Queen Bed,
,king ,suite ,,Club Junior Suite,Club Junior Suite With King – Club,
,queen ,suite ,,Club Junior Suite,Club Junior Suite With Queen,
,king ,suite ,,Club Junior Suite,Club Junior Suite With King Bed,
,queen ,premier ,,Club Premier,Club Room - Premier,
twin ,,premier ,,Club Premier,Twin Room - Club Room - Premier,
double  ,,premier ,,Club Premier,Double - Club Premier ,
single ,,premier ,,Club Premier,Single Orchid Club Premier,
,queen ,premier ,,Club Premier,Club - Premier,
twin ,,premier ,,Club Premier,Twin Room - Club  - Premier,
double  ,,premier ,,Club Premier,Double - Club Premier Room,
,,premier ,,Club Premier,Orchid Club Premier,
double twin ,king ,premier ,,Club Premier,Twin/Double King Room - Club Room - Premier,
double twin ,queen ,premier ,,Club Premier,Twin/Double Queen Room - Club Room - Premier,
double twin ,,premier ,,Club Premier,Twin/Double Room - Club Room - Premier,
double twin  ,,premier ,,Club Premier,Twin/Double Orchid Club Premier ,
twin ,,premier ,,Club Premier,Twin Orchid Club Premier,
double twin ,,deluxe ,,Corporate Deluxe,Twin/Double Room Corporate Deluxe,
,,deluxe ,,Corporate Deluxe,Corporate Deluxe Hotel,
single twin ,,executive suite ,,Corporate Executive Suite,Corporate Executive Suite Single/Double Room,
,,executive suite ,,Corporate Executive Suite,Corporate Executive Suite Hotel,
double ,,deluxe ,,Corporate Deluxe,Double Room Corporate Deluxe,
,,deluxe ,,Corporate Deluxe,Corporate Deluxe Hotels,
double twin ,,executive suite ,,Corporate Executive Suite,Corporate Executive Suite Twin/Double Room,
,,executive suite ,,Corporate Executive Suite,Corporate Executive Suite room Hotel ,
double ,,executive suite ,,Corporate Executive Suite,Corporate Executive Suite Double Room,
twin ,,executive suite ,,Corporate Executive Suite,Corporate Executive Suite Twin Room,
double twin ,,deluxe ,,Corporate Deluxe,Twin/Double Corporate Deluxe,
double twin ,,deluxe ,,Corporate Deluxe,Twin/Double room Corporate Deluxe,
double twin ,,deluxe ,,Corporate Deluxe,Twin/Double rooms Corporate Deluxe,
,,deluxe ,,Corporate Deluxe,Corporate Deluxe,
double twin ,,executive suite ,,Corporate Executive Suite,Corporate Executive Suite Twin/Double,
,,executive suite ,,Corporate Executive Suite,Corporate Executive Suite,
double ,,,,Deluxe,De Luxe Double Bed Room,
double ,,,,Deluxe,Deluxe - Double,
double ,,,,Deluxe,Deluxe Double,
double ,,,,Deluxe,Deluxe Double Room,
double ,,,,Deluxe,"Deluxe Double Room, 1 Queen Bed",
double ,,,City,Deluxe,"Deluxe Double Room, City View",
double ,,,,Deluxe,"Deluxe Double Room, No Windows",
double ,,,,Deluxe,Deluxe Double Window,
double ,,,,Deluxe,"Deluxe Room, 1 Double Bed",
double ,,,,Deluxe,"Deluxe Zen Double, 1 Queen Bed",
double ,,,,Deluxe,Double Deluxe,
double ,,,,Deluxe,Double Luxe,
double ,,,,Deluxe,Double Luxe-Crib,
double ,,,,Deluxe,Double Room - Deluxe,
double ,,,,Deluxe,Double Room Deluxe,
double ,,,,Deluxe,Double Twin-Tower View Deluxe,
double ,king ,,,Deluxe,Double Deluxe King,
double ,king ,,,Deluxe,Double Deluxe King Bed,
double ,king ,,,Deluxe,Double Room King Bed - Deluxe,
double ,king ,,,Deluxe,Deluxe Double Or King Room,
double single ,,,,Deluxe,"Deluxe Room, 1 Double Or 2 Single Bed",
double single ,,,,Deluxe,"Deluxe Room, 1 Double Or 2 Single Beds",
double single ,,,,Deluxe,"Deluxe Room, 1 Double Or 2 Single Beds With Big Window",
double single ,,,,Deluxe,Deluxe Single / Double,
double single ,,,,Deluxe,Deluxe Single Or Double Room,
double twin ,,,,Deluxe,Deluxe (Double Or Twin Bed),
double twin ,,,,Deluxe,Deluxe Double Or Twin,
double twin ,,,,Deluxe,Deluxe Double Or Twin Bed,
double twin ,,,City,Deluxe,"Deluxe Double Or Twin Room, City View",
double twin ,,,,Deluxe,Deluxe Double/Twin,
double twin ,,,,Deluxe,Double Or Twin Deluxe,
double twin ,,,,Deluxe,Twin/double Room - Deluxe,
double twin ,,,,Deluxe,Twin/Double Room - Deluxe - Balcony,
double twin ,,,,Deluxe,Twin/Double Room - Deluxe - Tower,
single ,,,,Deluxe,2 Single Beds Deluxe,
single ,,,,Deluxe,2 Single Deluxe Smoking,
single ,,,,Deluxe,Deluxe 2 Single Beds,
single ,,,,Deluxe,Deluxe Room 2 Single Beds,
single ,,,,Deluxe,"Deluxe Room, 2 Single Beds",
single ,,,,Deluxe,Deluxe Single,
single ,,,,Deluxe,Deluxe Single Room,
twin ,king ,,,Deluxe,Corporate Deluxe King Or Twin,
twin ,king ,,,Deluxe,Deluxe King Or Twin Room With Window,
twin ,king ,,,Deluxe,Deluxe Twin/King,
twin ,,deluxe ,,Deluxe,Twin Deluxe Plus,
,,,,Deluxe,*Deluxe,
,,,,Deluxe,1 Bedroom Deluxe,
,,,,Deluxe,Deluxe,
,,,,Deluxe,Deluxe - No Window,
,,,,Deluxe,Deluxe Balcony Room,
,,,,Deluxe,Deluxe No Window,
,,,,Deluxe,Deluxe One Bedroom Studio,
,,,,Deluxe,Deluxe Plus Room - Room Only (Bar).,
,,,,Deluxe,Deluxe Plus Room - Room With Breakfast (Bar),
,,,,Deluxe,Deluxe Room,
,,,,Deluxe,Deluxe Room (Newly Renovated!),
,,,,Deluxe,Deluxe Room (Newly Renovated),
,,,,Deluxe,Deluxe Room (No View) - Room Only (Bar),
,,,,Deluxe,Deluxe Room (No View) - Room With Breakfast (Bar),
,,,Sea,Deluxe,Deluxe Room (Non Seaview),
,,,Towers,Deluxe,Deluxe Room (Twin Tower View),
,,,,Deluxe,Deluxe Room - Klcc View,
,,,,Deluxe,Deluxe Room Bbf - Klcc View,
,,,,Deluxe,Deluxe Room With Breakfast,
,,,,Deluxe,Deluxe Room With Window,
,,,,Deluxe,"Deluxe Room, 1 Bedroom",
,,,City,Deluxe,"Deluxe Room, City View",
,,,,Deluxe,"Deluxe Room, Connecting Rooms",
,,,,Deluxe,"Deluxe Room, Non Smoking",
,,,Sea,Deluxe,"Deluxe Room, Sea View",
,,,Towers,Deluxe,"Deluxe Room, View (Twin Towers)",
,,,,Deluxe,Deluxe Room.,
,,,Towers,Deluxe,Deluxe Twin Towers View,
,,,,Deluxe,Deluxe With Breakfast,
,,,,Deluxe,Deluxe With Window,
,,,,Deluxe,Deluxe.,
,,,,Deluxe,Luxe,
,,,,Deluxe,Luxe Room,
,king ,,,Deluxe,Deluxe (King),
,king ,,,Deluxe,Deluxe King,
,king ,,,Deluxe,Deluxe King - 4 Hours,
,king ,,,Deluxe,Deluxe King Room,
,king ,,,Deluxe,Deluxe Room 1 King Bed,
,king ,,,Deluxe,Deluxe Room Renovated - King Bed (Ns),
,king ,,,Deluxe,"Deluxe Room, 1 King Bed",
,king ,,,Deluxe,"Deluxe Room, 1 King Bed / 2 Single Beds(Orchid)",
,king ,,City,Deluxe,"Deluxe Room, 1 King Bed, City View",
,king ,,Garden,Deluxe,"Deluxe Room, 1 King Bed, Garden View",
,king ,,,Deluxe,King Deluxe,
,king ,,Towers,Deluxe,Traders Twin Towers King,
,king ,,,Deluxe,Traders Twin Towers View 1 King,
,queen ,,,Deluxe,Corporate Deluxe Queen,
,queen ,,,Deluxe,Deluxe Queen,
,queen ,,,Deluxe,Deluxe Queen Room,
,queen ,,,Deluxe,Deluxe Queen Room With Window,
,queen ,,,Deluxe,Deluxe Queen Room Without Window,
,queen ,,,Deluxe,Deluxe Queen.,
,queen ,,,Deluxe,"Deluxe Room, 1 Queen Bed",
,queen ,,,Deluxe,Queen/Queen - Deluxe,
,,,,Deluxe,Deluxe Standard,
,,,,Deluxe,Deluxe Chalet,
double ,,deluxe ,,Deluxe Club,Double Club Deluxe,
double twin ,,deluxe ,,Deluxe Club,Double Or Twin Club Deluxe,
double twin ,,deluxe ,,Deluxe Club,Twin/double Room - Deluxe - Club Room,
twin ,king ,deluxe ,,Deluxe Club,Club Deluxe King Or Twin,
twin ,,deluxe ,,Deluxe Club,Twin Club Deluxe,
,king ,deluxe ,,Deluxe Club,Club Deluxe King Room,
,king ,deluxe ,,Deluxe Club,Club Deluxe Room With King Bed - Club Lounge Access For Adults Only,
,king ,deluxe suite ,,Deluxe Duplex Suite,Deluxe Duplex Suite King Bed,
double ,,deluxe executive ,,Deluxe Executive,Double Deluxe Executive Club,
double ,,deluxe executive ,,Deluxe Executive,Double Deluxe Executive,
double ,,deluxe executive ,,Deluxe Executive,Double Deluxe-Executive,
double ,,deluxe executive ,,Deluxe Executive,Double Room - Executive - Deluxe,
double twin ,,deluxe executive ,,Deluxe Executive,Twin/Double Room - Deluxe - Executive,
twin ,,deluxe executive ,,Deluxe Executive,Executive Deluxe Twin,
twin ,,deluxe executive ,,Deluxe Executive,Twin Deluxe Executive,
twin ,,deluxe executive ,,Deluxe Executive,Twin Deluxe-Executive,
twin ,,deluxe executive ,,Deluxe Executive,Twin Executive Deluxe,
twin ,,deluxe executive ,,Deluxe Executive,Twin Lady Astor And Executive Deluxe,
twin ,,deluxe executive ,City,Deluxe Executive,Twin Room - Deluxe - Executive - City View,
twin ,,deluxe executive ,,Deluxe Executive,Twin Room - Executive - Deluxe,
,,deluxe executive ,,Deluxe Executive,Deluxe Executive,
,king ,deluxe executive ,City,Deluxe Executive,Double Room King Bed - Executive - City View,
,,deluxe executive quadruple ,,Deluxe Executive,Quadruple Room - Deluxe - Executive,
,,deluxe executive ,,Deluxe Executive,Triple Room - Deluxe - Executive,
,,deluxe executive suite ,,Deluxe Executive Suite,Executive Deluxe Suite,
,,deluxe ,,Deluxe Family,Deluxe 4 Bed Family Room,
,,deluxe ,,Deluxe Family,Deluxe Family,
,,deluxe ,,Deluxe Family,Deluxe Family Room,
,,deluxe ,,Deluxe Penthouse,Deluxe Penthouse,
,,deluxe ,,Deluxe Penthouse,Penthouse Deluxe,
double twin ,,premier ,,Deluxe Premier,Double Or Twin Deluxe Premier,
double twin ,,premier ,,Deluxe Premier,Twin/Double Room - Deluxe - Premier,
double twin ,,premium ,,Deluxe Premier,Double Or Twin Deluxe Premium,
double twin ,,premium ,,Deluxe Premier,Twin/Double Room - Premium - Deluxe,
twin ,,premier ,,Deluxe Premier,Premier Deluxe Twin Room,
,,premium ,,Deluxe Premier,Deluxe Premium,
,,premium ,,Deluxe Premier,Deluxe Premium.,
,,premium ,,Deluxe Premier,Premium Deluxe,
,,quadruple ,City,Deluxe Premier,"Deluxe Quadruple Room, 2 Double Beds, Accessible, City View",
double twin ,,,,Deluxe Studio,"Deluxe Studio, 1 Double Or 2 Single Beds",
double twin ,,,,Deluxe Studio,Double Or Twin Deluxe Studio,
double twin ,,,,Deluxe Studio,Double Or Twin Deluxe-Studio,
single ,,,,Deluxe Studio,"Deluxe Studio, 2 Single Beds",
twin ,,deluxe ,,Deluxe Studio,Deluxe Studio Twin,
twin ,,deluxe ,,Deluxe Studio,Deluxe Twin Studio,
twin ,,deluxe ,,Deluxe Studio,Studio Deluxe Twin,
,,,,Deluxe Studio,Deluxe Studio,
,,,,Deluxe Studio,Deluxe Studio (Type B),
,,,,Deluxe Studio,"Deluxe Studio, 2 Single Beds",
,,deluxe suite ,,Deluxe Studio Suite,Deluxe Studio Suite,
double ,,suite ,,Deluxe Suite,Double Deluxe Suite,
double ,,suite ,,Deluxe Suite,Double Deluxe-Suite,
triple ,,suite ,,Deluxe Suite,Triple Luxe Suite,
triple ,,superior ,,Deluxe,Superior Deluxe Triple,
triple ,,deluxe ,,Deluxe,Deluxe Room (Triple),
triple ,,deluxe ,,Deluxe,Deluxe Triple,
triple ,,deluxe ,,Deluxe,Deluxe Triple Room,
triple ,,deluxe ,,Deluxe,Triple Room – Deluxe,
triple double single ,,deluxe ,,Deluxe,Deluxe Triple - 1 Double Bed And 1 Single Bed,
twin ,,deluxe ,,Deluxe,Deluxe Room Renovated - Twin Bed (Ns),
twin ,,deluxe ,,Deluxe,"Deluxe Room, 2 Twin Beds",
twin ,,deluxe ,,Deluxe,Deluxe Twin,
twin ,,deluxe ,,Deluxe,Deluxe Twin (1 Queen And 1 Single),
twin ,,deluxe ,City,Deluxe,Deluxe Twin Room,
twin ,,deluxe ,,Deluxe,"Deluxe Twin Room, City View",
twin ,,deluxe ,,Deluxe,Deluxe Twin Towers View Twin,
twin ,,deluxe ,,Deluxe,Deluxe Zen Twin,
twin ,,deluxe ,,Deluxe,Deluxe/Twin,
twin ,,deluxe ,,Deluxe,Twin Deluxe,
twin ,,deluxe ,,Deluxe,Twin Luxe,
twin ,,deluxe ,,Deluxe,Twin Room - Deluxe,
twin ,,deluxe ,,Deluxe,Twin Room - Deluxe - Tower,
,,suite ,,Deluxe Suite,Deluxe Suite,
,,suite ,,Deluxe Suite,"Deluxe Suite, 1 Bedroom",
,,suite ,,Deluxe Suite,"Deluxe Suite, 3 Bedrooms, Kitchenette",
,,suite ,,Deluxe Suite,Suite - Deluxe,
,,suite ,,Deluxe Suite,Suite Deluxe,
,,suite ,,Deluxe Suite,Suite Deluxe-Suite,
,king ,suite ,,Deluxe Suite,Deluxe Suite With King Bed,
,,deluxe ,,Deluxe Villa,Deluxe Villa With Breakfast,
,,deluxe ,Garden,Deluxe Villa,"Deluxe Villa, 1 Double Bed, Garden View, Garden Area",
,,deluxe ,,Deluxe Villa,Villa - Deluxe,
,,deluxe VIP,,Deluxe VIP,Deluxe Vip,
,,suite ,,Diamond Suite,Diamond Suite,
,,,,Dormitory,Male Dormitory,
twin ,,,,Dormitory,Mixed Dormitory Twin,
twin ,,,,Dormitory,Mixed Dormitory Twin Room,
double ,,,,Dormitory,Mixed Dormitory Double,
double ,,,,Dormitory,Mixed Dormitory Double room,
double twin ,,,,Dormitory,Mixed Dormitory Twin/Double,
double twin ,,,,Dormitory,Mixed Dormitory Twin/Double Room,
double ,,,,Double,Double Room,
double ,,,,Double,Double Smoking,
double ,,,Towers,Double,Double Twin Tower View,
double ,,,,Double,Ground Floor Double Room,
double ,,,,Double,My Double Room,
double ,,,,Double,Upper Floor Double Room,
double ,king ,,,Double,Double - King Bed,
double ,king ,,,Double,Double King,
double ,king ,,,Double,Double King Bed Room,
double ,king ,,,Double,Double King Size Bed,
double ,king ,,,Double,Double Room King Bed,
double ,queen ,,,Double,"Double Room, 1 Queen Bed, Shared Bathroom",
double twin ,,,,Double,Comfort Double Or Twin Room,
double twin ,,,,Double,Double / Twin Room,
double twin ,,,,Double,Double Or Twin,
double twin ,,,,Double,Double Or Twin Room With Private Barthroom,
double twin ,,,,Double,Double Or Twin Room With Private Bathroom,
double twin ,,,,Double,Twin/Double Room,
double twin ,,,,Double,Twin/Double Room - No View,
triple ,,,,Duplex,Triple Duplex,
,,Duplex,,Duplex,Duplex,
,,Duplex,,Duplex,Duplex 2 Bed Room,
,,Duplex,,Duplex,Duplex Room,
,,Duplex quadruple ,,Duplex,Duplex Quadruple Room,
,,Duplex,,Duplex Family,Duplex Family (4 Adults),
,,Duplex suite ,,Duplex Family Suite,Duplex Family Suite,
,,Duplex Premium,,Duplex Premium,Duplex Premium Room,
,,Duplex suite ,,Duplex Royal Suite,Suite Royal Duplex,
,,Duplex suite ,,Duplex Standard Suite,Standard Duplex Suite,
twin ,,Duplex suite ,,Duplex Suite,Duplex Suite twin,
double ,,Duplex suite ,,Duplex Suite,One Bedroom Duplex Suite double,
twin ,,Duplex suite ,,Duplex Suite,Suite – Duplex twin,
double ,,Duplex suite ,,Duplex Suite,Suite Duplex Suite double,
twin ,,Duplex suite ,,Duplex Suite,Suite One Bedroom Duplex twin,
,king ,Duplex suite ,,Duplex Suite,"Duplex Suite, 1 King Bed ",
,,Duplex suite ,,Duplex Suite,Duplex Suite,
,,Duplex suite ,,Duplex Suite,One Bedroom Duplex Suite,
,,Duplex suite ,,Duplex Suite,Suite - Duplex,
,,Duplex suite ,,Duplex Suite,Suite Duplex Suite,
,,Duplex suite ,,Duplex Suite,Suite One Bedroom Duplex,
,king ,Duplex suite ,,Duplex Suite,"Duplex Suite, 1 King Bed",
twin ,,,,Economy,Economy Twin Room,
,queen ,,,Economy,Economy Queen Room,
double ,,executive ,,Executive,Double Room - Executive,
double ,,executive ,,Executive,Executive Double Room,
double ,,executive ,,Executive,"Executive Single Room, 1 Double Bed",
double ,king ,executive ,,Executive,Double Executive King Bed,
double single ,,executive ,,Executive,"Executive Room, 1 Double Or 2 Single Bed",
double twin ,,executive ,,Executive,Twin/double Room - Executive,
single ,king ,executive ,,Executive,"Executive Room Lounge Access, 1 King Or 2 Twin/ Single Bed(S), Mini Fridge, 30sq",
single ,,executive ,,Executive,Executive 2 Single Beds,
single ,,executive ,,Executive,Executive Room 2 Single Beds,
triple ,,executive ,,Executive,Executive Triple,
triple ,,executive ,Sea,Executive,"Executive Triple Room, Sea View",
twin ,,executive ,,Executive,"Executive Room, 2 Twin Beds",
,,executive ,,Executive,1 Bedroom Executive,
,,executive ,,Executive,Executive Room,
,,executive ,Sea,Executive,"Executive Room, Sea View",
,,executive ,,Executive,One Bedroom Executive,
,king ,executive ,,Executive,"Executive Room, 1 King Bed",
,king ,executive ,,Executive,"Executive Room, 1 King Bed, Business Lounge Access",
,,executive quadruple ,,Executive,Quadruple Executive,
,queen ,executive ,,Executive,Executive Queen,
,queen ,executive ,,Executive,Executive Queen Room,
,queen ,executive ,,Executive,Executive Room (Queen),
,,executive suite ,,Executive Apartment Suite,Executive Suite Apartment ,
,,executive suite ,,Executive Apartment Suite,Executive Suite Apartment room,
twin ,,executive suite ,,Executive Apartment Suite,Executive Suite Apartment twin,
double ,,executive suite ,,Executive Apartment Suite,Executive Suite Apartment double,
double twin ,,executive suite ,,Executive Apartment Suite,Executive Suite Apartment twin/double,
double twin ,,executive suite ,,Executive Apartment Suite,Executive Suite Apartment double/twin,
double twin ,,executive suite ,,Executive Apartment Suite,Executive Suite Apartment twin/double room,
double twin ,,executive suite ,,Executive Apartment Suite,Executive Suite Apartment double/twin room,
twin ,queen ,executive classic ,,Executive Classic,Executive Classic Twin queen room,
,king ,executive classic ,,Executive Classic,Executive Classic double/twin room,
double twin ,,executive classic ,,Executive Classic,Executive Classic double/twin,
double,king ,executive classic ,,Executive Classic,Executive Classic King double room,
twin ,queen ,executive classic ,,Executive Classic,Executive Classic Twin queen,
,king ,executive classic ,,Executive Classic,Executive Classic double King room,
twin ,,executive classic ,,Executive Classic,Executive Classic Twin room,
,king ,executive classic ,,Executive Classic,Executive Classic King room,
double twin ,,executive classic ,,Executive Classic,Executive Classic Twin/double,
double,king ,executive classic ,,Executive Classic,Executive Classic King double room,
twin ,,executive classic ,,Executive Classic,Executive Classic Twin,
,king ,executive classic ,,Executive Classic,Executive Classic King,
double twin ,,executive ,,Executive Club,Double Or Twin Executive Club room,
double twin ,,executive ,,Executive Club,Twin/Double Room - Club Room – Executive room,
,king ,executive ,,Executive Club,Double Room King Bed - Executive - Club Room,
,king ,executive ,,Executive Club,Executive Club King room,
double twin ,,executive ,,Executive Club,Double Twin Executive Club,
double twin ,,executive ,,Executive Club,Twin/Double - Club Room - Executive,
twin ,king ,executive ,,Executive Club,Twin Room King Bed - Executive - Club Room,
twin,king ,executive ,,Executive Club,Executive Club King twin,
double twin ,,executive ,,Executive Club,Double Or Twin Executive Club,
double twin ,,executive ,,Executive Club,Twin/Double Room - Club Room - Executive,
,king ,executive ,,Executive Club,Double Room King Bed - Executive - Club Room,
,king ,executive ,,Executive Club,Executive Club King,
,,executive suite ,,Executive Club Suite,Club Executive Suite,
,,executive suite ,,Executive Club Suite,Executive Club Plaza Suite,
,,executive suite ,,Executive Club Suite,Suite - Executive - Club Room,
,,executive suite ,,Executive Club Suite,Suite 2 Bedrooms - Executive - Club Room,
,,executive suite ,,Executive Club Suite,Suite Club Executive,
,,executive deluxe ,,Deluxe Executive,Deluxe Room (Executive),
,,executive deluxe ,,Deluxe Executive,Executive Deluxe,
,,executive deluxe ,,Deluxe Executive,Executive Room (Deluxe),
,,executive deluxe suite ,,Deluxe Executive,Executive Deluxe Suite,
double twin ,,executive ,,Executive Horizon,Double/twin Horizon Executive,
double twin ,,executive ,,Executive Horizon,Twin/double Horizon Executive,
double twin ,,executive ,,Executive Horizon,Double/twin room Horizon Executive,
double twin ,,executive ,,Executive Horizon,Twin/Double Room Horizon Executive,
double ,,executive ,,Executive Horizon,Double Horizon Executive,
twin ,,executive ,,Executive Horizon,Twin Horizon Executive,
double,,executive ,,Executive,Executive Luxury double,
twin,,executive suite ,,Executive Suite,Executive Luxury Suite twin,
double twin ,,executive suite ,,Executive Suite,Executive Luxury Suite twin/double,
,,executive ,,Executive,Executive Luxury,
,,executive suite ,,Executive Suite,Executive Luxury Suite,
double,,executive ,,Executive,Executive Luxury double room,
twin,,executive suite ,,Executive Suite,Executive Luxury Suite twin room,
double twin ,,executive suite ,,Executive Suite,Executive Luxury Suite twin/double room,
,,executive ,,Executive Pool Villa,Executive Pool Villa,
,,executive ,,Executive Pool Villa,Villa - Executive - Pool,
twin ,,executive premier ,,Executive Premier,Executive Premier Twin Room,
twin ,,executive premier ,,Executive Premier,Twin Premier Executive,
double ,,executive ,,Executive Studio,Double Executive Studio,
double ,,executive ,,Executive Studio,Double Studio Executive,
double ,,executive ,,Executive Studio,Double Studio-Executive,
double ,,executive ,,Executive Studio,Studio Executive Double,
double twin ,,executive ,,Executive Studio,Double Or Twin Studio Executive,
double twin ,,executive ,,Executive Studio,Double/Twin Studio-Executive,
single ,,executive ,,Executive Studio,"Executive Studio, 2 Single Beds, Kitchen",
triple ,,executive ,,Executive Studio,Executive Triple Studio,
twin ,,executive ,,Executive Studio,Executive Twin Studio,
twin ,,executive ,,Executive Studio,Studio Executive Twin,
,,executive ,,Executive Studio,"Executive Studio, 1 King Bed",
,,executive ,,Executive Studio,"Executive Studio, 2 Single Beds",
,king ,executive ,,Executive Studio,Executive King Studio,
,king ,executive ,,Executive Studio,Executive King Studio 1 King Bed & Sofa Bed,
,queen ,executive ,,Executive Studio,"Executive Studio, 1 Queen Bed, Kitchen",
double ,,executive suite ,,Executive Suite,Double Executive Suite,
double ,,executive suite ,,Executive Suite,"Executive Suite, 1 Double Bed",
double twin ,,executive suite ,,Executive Suite,Double Or Twin Executive Suite,
double twin ,,executive suite ,,Executive Suite,Double Or Twin Four Seasons Executive Suite,
double twin ,,executive suite ,,Executive Suite,"Executive Suite, 1 Double Or 2 Twin Beds",
,,executive suite ,,Executive Suite,Executive Suite,
,,executive suite ,,Executive Suite,Executive Suite - 2-Bedroom,
,,executive suite ,,Executive Suite,"Executive Suite, 1 Bedroom",
,,executive suite ,,Executive Suite,"Executive Suite, 2 Single Beds",
,,executive suite ,,Executive Suite,Executive Suite.,
,,executive suite ,,Executive Suite,Suite - Executive,
,,executive suite ,,Executive Suite,Suite Executive,
,,executive suite ,,Executive Suite,Suite Executive Suite,
,king ,executive suite ,,Executive Suite,Executive King Suite,
,king ,executive suite ,,Executive Suite,Executive Suite 1 King Bed,
,king ,executive suite ,,Executive Suite,Executive Suite With 1 King Bed,
,king ,executive suite ,,Executive Suite,"Executive Suite, 1 King Bed, Bathtub",
,queen ,executive suite ,,Executive Suite,Executive Queen Suite,
,queen ,executive suite ,,Executive Suite,"Executive Suite, 1 Queen Bed",
double ,,executive superior ,,Executive Superior,Double Room - Executive - Superior,
double twin ,,executive superior ,,Executive Superior,Twin/Double Room - Executive - Superior,
twin ,,executive superior ,,Executive Superior,Twin Room - Executive - Superior,
,,executive superior ,,Executive Superior,Executive Superior,
,,executive superior ,,Executive Superior,Superior Executive,
,,executive ,,Executive Villa,Villa - Executive,
double ,,,,Family,"Family Double Room, 2 Bedrooms",
double ,,,,Family,"Family Room, 2 Double Beds",
double twin ,,,,Family,"Family Room, 1 Double Or 2 Twin Beds",
single ,queen ,,,Family,Family Room (One Queen And One Single Beds),
triple ,,,,Family,Family Triple,
triple ,,,,Family,Family Triple Room,
triple ,,,,Family,"Family Triple Room, 1 Bedroom",
twin ,,,,Family,"Family Room, 3 Twin Beds",
twin ,,,,Family,Twin Family Room,
,,,,Family,Family,
,,,,Family,Family 3 No Window,
,,,,Family,Family 4 No Window,
,,,,Family,Family Room,
,,,,Family,Family Room (4 Pax),
,,,,Family,Family Room 3,
,,,,Family,Family Room 4,
,,,,Family,"Family Room, Non Smoking",
,,,,Family,Family Room.,
,,quadruple ,,Family,"Family Quad, Non Smoking",
,,quadruple ,,Family,Family Quadruple Room,
,,quadruple ,,Family,"Family Quadruple Room, 2 Queen Beds",
,queen ,,,Family,Family Room (Queen),
,,,,Family,Family Standard,
double twin ,,deluxe ,,Family Deluxe,Double Or Twin Deluxe Family Room,
double twin ,,deluxe ,,Family Deluxe,Double Or Twin Eastin Family Deluxe,
double twin ,,deluxe ,,Family Deluxe,Twin/Double Room - Family - Deluxe,
,,deluxe ,,Family Deluxe,Deluxe Family,
,,deluxe ,,Family Deluxe,Family Deluxe,
,,deluxe ,,Family Deluxe,Family Deluxe Room,
,,suite ,,Family Duplex Suite,Family Suite (Duplex),
,,executive suite ,,Family Executive Suite,Family Executive Suite,
,,suite ,City,Family Suite,"Family Junior Suite, 1 Queen Bed, 1 Single Bed, City View",
,,penthouse ,City,Family Penthouse,"Family Penthouse, 2 Queen Beds, City View",
,,,,Family Pool Villa,Family Pool Villa,
,,,,Family Studio,Family Studio (Type A),
,queen ,deluxe ,,Family Studio,Deluxe Queen Family Studio,
double ,,suite ,City,Family Suite,"Family Suite, 2 Double Beds, Non Smoking, City View",
double twin ,,suite ,,Family Suite,Double Or Twin Family Room Suite,
double twin ,,suite ,,Family Suite,Double Or Twin Family Room-Suite,
double twin ,,suite ,,Family Suite,Family Suite (1 Double Room And 1 Twin-Beds Room),
double twin ,,suite ,,Family Suite,"Family Suite, 1 Double Or 2 Twin Beds",
,,suite ,,Family Suite,Family  Suite,
,,suite ,,Family Suite,Family Suite,
,,suite ,,Family Suite,"Family Suite, 3 Pax",
,,suite ,,Family Suite,Family Suite.,
,king ,suite ,,Family Suite,"Family Suite, 1 King Bed, Non Smoking, Connecting Rooms",
,queen ,suite ,City,Family Suite,"Family Suite, 2 Queen Beds, City View",
,,,,Family Villa,Family Villa,
,,,Lake,Family Villa,"Family Villa, 6 Bedrooms, Private Pool, Lake View",
,,,,Family Villa,"Family Villa, Private Pool",
,,,,Female Dormitory,"Basic Shared Dormitory, Women Only",
,,,,Female Dormitory,Female Dormitory,
double twin ,,,,Grand Club,Double Or Twin Club Grand,
double ,,deluxe ,,Grand Deluxe,Double Grand Deluxe,
double ,,deluxe ,,Grand Deluxe,"Grand Deluxe 2 Pax, 1 Double Bed",
double twin ,,deluxe ,,Grand Deluxe,Double Or Twin Grand Deluxe,
double twin ,,deluxe ,,Grand Deluxe,Double/Twin Grand-Deluxe Room,
triple ,,deluxe ,,Grand Deluxe,Triple Grand Deluxe,
twin ,,deluxe ,,Grand Deluxe,Twin Grand Deluxe,
,,deluxe ,,Grand Deluxe,Deluxe Room - Upgrade Promotion To Grand Deluxe Room,
,,deluxe ,,Grand Deluxe,Grand  Deluxe,
,,deluxe ,,Grand Deluxe,Grand Deluxe,
,,deluxe ,,Grand Deluxe,Grand Deluxe.,
,king ,,,Grand Deluxe,Grand Deluxe - King Bed (Ns),
,king ,,,Grand Deluxe,Grand Deluxe King,
,king ,,,Grand Deluxe,Grand Deluxe King Bed,
,queen ,,,Grand Deluxe,Premier Deluxe - King Bed (Ns),
,,classic ,,Grand Deluxe Classic,Grand Deluxe Classic,
double twin ,,executive ,,Grand Deluxe Executive,Double Or Twin Grand Deluxe Executive,
triple ,,executive ,,Grand Deluxe Executive,Triple Grand Deluxe Executive,
,,executive ,,Grand Deluxe Executive,Executive Grand Deluxe,
,,,,Grand Deluxe Family,Grand Deluxe Family Room,
,,deluxe ,,Grand Deluxe Studio,"Grand Deluxe Studio, 1 Double Bed",
,king ,executive ,,Grand Executive,Grand Executive King,
,,,,Grand Luxury,Grand Luxury,
,,,,Grand Pool Villa,Grand Pool Villa,
,,,,Grand Pool Villa,Villa - Grand - Pool,
,,,,Grand Pool Villa,Villa Grand Pool,
,king ,premium ,,Grand Premium Club,Opera Grand Premium Club King,
,king ,suite ,,Grand Suite,Grand Suite King,
,,,,Grand Villa,Grand Villa,
,,,,Grand Villa,Villa - Grand,
double ,,suite ,,Honeymoon Suite,Double Honeymoon Suite,
double twin ,,,,Horizon,Double Or Twin Horizon,
double twin ,,,,Horizon,Double Or Twin Horizon View Club Shangri La Wing,
,,,,Horizon,Horizon,
,,,,Horizon Club,Horizon Club,
,,,,Horizon Club,Horizon Club (Shangrila Wing),
,,deluxe ,,Horizon Club Deluxe,Horizon Club Deluxe,
double twin ,,executive ,,Horizon Club Executive,Double Or Twin Tower Wing Horizon Club Deluxe,
twin ,king ,executive ,,Horizon Club Executive,Horizon Club Executive (King/Twin),
twin ,,executive ,,Horizon Club Executive,Horizon Club Executive Twin,
,king ,executive ,,Horizon Club Executive,Horizon Club Executive King With Breakfast,
,,premier ,,Horizon Club Premier,Horizon Club Premier,
double twin ,,executive ,,Horizon Executive,Double Or Twin Horizon Executive,
,,,,Junior Deluxe,Junior Luxe With Complimentary Mini Bar,
double ,,Junior suite ,,Junior Suite,Double Junior Suite,
double ,,Junior suite ,,Junior Suite,Double Junior-Suite,
double twin ,,Junior suite ,,Junior Suite,Double Or Twin Junior Suite,
double twin ,,Junior suite ,,Junior Suite,"Junior Suite, 1 Double Or 2 Twin Beds",
twin ,,Junior suite ,,Junior Suite,Junior Suite Twin,
twin ,,Junior suite ,,Junior Suite,Junior Suite Twin Room,
twin ,,Junior suite ,,Junior Suite,"Junior Suite, 2 Twin Beds",
,,Junior suite ,,Junior Suite,Junior Suite,
,,Junior suite ,,Junior Suite,"Junior Suite, 1 King Bed (Tower Wing)",
,,Junior suite ,,Junior Suite,Junior Suite.,
,king ,Junior suite ,,Junior Suite,Junior Suite - 1 King Bed,
,king ,Junior suite ,,Junior Suite,Junior Suite King,
,king ,Junior suite ,,Junior Suite,"Junior Suite, 1 King Bed",
,queen ,Junior suite ,,Junior Suite,Junior Suite Queen Bed,
double ,,,,Luxury,Luxury Double Bed,
double twin ,,,,Luxury,Luxury Double Or Twin,
double twin ,,,,Luxury,Twin/Double Room - Luxury,
twin ,,,,Luxury,Luxury Twin Room,
twin ,,,,Luxury,Luxury Twin Studio,
,,,,Luxury,Luxury,
,,,,Luxury,Luxury Room,
,king ,,,Luxury,Luxury King Room,
,queen ,,,Luxury,"Luxury Room, 1 Queen Bed, View",
double ,,,,Luxury Club,Double Luxury Club Millesime,
double twin ,,,,Luxury Club,Twin/Double Room - Club Room - Luxury,
,,,,Luxury Club,Luxury Club,
,king ,,,Luxury Club,Double Room King Bed - Luxury - Club Room,
,king ,,,Luxury Club,Luxury King Room Club Millesime,
,,suite ,,Luxury Club Suite,Suite Tower Club Luxury 2 Bedrooms,
,,suite ,,Luxury Club Suite,Tower Club Luxury Suite 2 B/R,
,,,,Luxury Family,Family Room Luxury,
,,,,Luxury Studio,Studio - Luxury,
,,suite ,,Luxury Suite,Luxury 1-Bedroom Suite,
,,suite ,,Luxury Suite,Luxury Suite,
,,suite ,,Luxury Suite Family,Luxury Suite Family (Triple),
,,,,Penthouse,Penthouse,
,,,,Penthouse,Penthouse Room,
,,,,Penthouse,Penthouse Suite + Breakfast,
,king ,,,Penthouse,"Penthouse, 1 King Bed",
,king ,,,Penthouse,"Penthouse, 1 King Bed With Sofa Bed",
,,suite ,,Penthouse Suite,Penthouse Suite,
,,suite ,,Penthouse Suite,Penthouse Suite + Breakfast,
,,suite ,City,Penthouse Suite,Penthouse Suite City View,
,,suite ,,Penthouse Suite,Penthouse Suite King Room,
,,,,Pool Villa,3 Bedroom Pool Villa,
,,,,Pool Villa,Garden Villa - Pool,
,,,,Pool Villa,Sky Pool Villa,
,,,,Pool Villa,Sky Pool Villa (Tower Block),
,,,,Pool Villa,Villa - Garden - Pool,
,,,,Pool Villa,Villa Pool Courtyard,
double ,,premier ,,Premier,Double Room - Premier,
double ,,premier ,,Premier,Premier Double,
double ,king ,premier ,,Premier,Double Room King Bed - Premier,
double twin ,,premier ,,Premier,Double Or Twin Premier,
double twin ,,premier ,,Premier,Twin/Double Room - Premier,
triple ,,premier ,,Premier,Premier Triple Room,
twin ,,premier ,,Premier,Premier Twin,
twin ,,premier ,,Premier,Twin Premier,
twin ,,premier ,,Premier,Twin Room - Premier,
,,premier ,,Premier,1 Bedroom Premier,
,,premier ,,Premier,One Bedroom Premier,
,,premier ,,Premier,Premier,
,,premier ,,Premier,Premier Room,
,,premier ,,Premier,Premier Room.,
,,premier ,,Premier,Premier.,
,king ,premier ,,Premier,Premier King,
,king ,premier ,,Premier,"Premier Room, 1 King Bed",
,king ,premier ,City,Premier,"Premier Room, 1 King Bed, Private Bathroom, City View",
,queen ,premier ,,Premier,"Premier Room, 2 Queen Beds",
double ,,premier ,,Club Premier,Double Club Premier,
double twin ,,premier ,,Club Premier,Double Or Twin Club Premier,
twin ,,premier ,,Club Premier,Twin Club Premier,
twin ,,premier ,,Club Premier,Twin Room - Premier - Club Room,
,,premier deluxe suite ,,Premier Deluxe Suite,Premier Deluxe Suite,
triple ,,premier executive ,,Premier Executive,Triple Room - Executive - Premier,
,king ,premier executive ,,Premier Executive,Premier Executive 1 King Bed,
,,premier ,,Premier Family,Family Premier,
,,premier ,,Premier Family,Premier Family,
,,premier ,,Premier Pool Villa,Villa - Premier - Private Pool,
,,premier ,,Premier Studio,Premier Studio,
,,premier suite ,,Premier Studio Suite,Premier Studio Suite,
,,premier suite ,,Premier Suite,Premier Suite With Window,
,,premier suite ,,Premier Suite,Premier Suite Without Window,
,king ,premier suite ,,Premier Suite,Premier Suite King,
,,premier superior suite ,,Premier Superior Suite,Premier Superior Suite,
double ,,premium ,,Premium,Double Room - Premium,
double ,,premium ,,Premium,Premium Double,
double twin ,,premium ,,Premium,Double Or Twin Premium,
double twin ,,premium ,,Premium,Premium Double Or Twin,
double twin ,,premium ,,Premium,Twin/Double Room - Premium,
double twin ,,premium ,,Premium,Twin/Double Room - Premium - Corner,
twin ,,premium ,,Premium,Premium Zen Twin,
,,premium ,,Premium,Premium Room,
,,premium ,City,Premium,"Premium Room, City View",
,king ,premium ,,Premium,Double Room King Bed - Premium,
,king ,premium ,,Premium,"Premium Room, 1 King Bed",
double ,,premium ,,Premium Club,Double Club Premium,
double ,,premium ,,Premium Club,Double Room - Club Room - Premium,
double ,,premium ,City,Premium Club,Double Room - Club Room - Premium - City View,
double twin ,,premium ,,Premium Club,Double Or Twin Club Premium,
double twin ,,premium ,,Premium Club,Double Or Twin Premium Club Corner,
double twin ,,premium ,,Premium Club,Twin/Double Room - Club Room - Premium,
,,premium ,,Premium Club,Double Room - Club Room - Premium,
,,premium ,,Premium Club,Premium Club Room,
,,premium ,,Premium Club,World Club Premium,
double twin ,,premium deluxe ,,Premium Deluxe,Twin/double Room - Premium - Deluxe,
triple ,,premium deluxe ,,Premium Deluxe,Triple Room - Premium - Deluxe,
twin ,,premium deluxe ,,Premium Deluxe,Premium Deluxe Twin,
twin ,,premium deluxe ,,Premium Deluxe,Twin Room - Premium - Deluxe,
,king ,premium deluxe ,,Premium Deluxe,Premium Deluxe King Room - High Floor,
double single ,,premium executive ,,Premium Executive,"Premium Executive , 1 Double Or 2 Single Beds",
,,premium ,,Premium Family,Family Room (Premium Room),
,,premium ,,Premium Family,Family Room Premium Family Residence,
,,premium ,,Premium Family,Premium Family,
,,premium ,,Premium Family,Premium Family Residence,
,,premium ,,Premium Family,Premium Family Quad,
,,premium ,,Premium Pool Villa,Premium Pool Villa,
,,premium ,Sea,Premium Pool Villa,Premium Pool Villa - Sea View,
double twin ,,premium superior ,,Premium Superior,Twin/Double Room - Superior - Premium,
twin ,,premium superior ,,Premium Superior,Premium Superior Twin,
,,premium superior ,,Premium Superior,Superior Premium,
,,premium superior ,,Premium Superior,Superior Room (Premium Room),
double ,,,,Privilege,Double Privilege,
double ,,,,Privilege,Double Privilege Tower Wing,
double ,,,,Privilege,Double Privilege-Tower-Wing,
double twin ,,,,Privilege,Twin/Double Room - Privilege,
double twin ,,,,Privilege,Twin/double Room - Privilege - Tower,
twin ,,,,Privilege,Twin Privilege Room,
,,,,Privilege,Privilege Room,
,queen ,,,Privilege,Double Privilege Room Queen Size Bed,
,,suite ,,Privilege Suite,Privilege Suite,
,,suite ,,Privilege Suite,Suite - Privilege - Tower,
,,suite ,,Privilege Suite,Suite Privilege Suite Tower Wing,
,,quadruple ,,Quadruple,"Comfort Quadruple Room, 4 Bedrooms, No Windows",
,,quadruple ,,Quadruple,Quadruple Room,
single ,,,,Standard,Single - Private Bathroom,
single ,,,,Standard,Single - Room,
single ,,,,Standard,Single Room,
single ,queen ,,,Standard,Standard Room (1 Queen Or 2 Single Beds),
single ,,,,Standard,2 Single Beds Standard Smoking,
single ,,,,Standard,Standard - (2 Single Beds),
single ,,,,Standard,Standard 2 Single Beds,
single ,,,,Standard,Standard Room (2 Single Bed),
single ,,,,Standard,Standard Room 2 Single Bed,
single ,,,,Standard,Standard Room 2 Single Beds,
single ,,,,Standard,Standard Room With Two Single Beds,
single ,,,,Standard,"Standard Room, 2 Single Beds",
single ,,,,Standard,Standard Single  Room,
single ,,,,Standard,Standard Single Room,
single ,,,,Standard,Standard Two Single Bed,
triple ,,,,Standard,"Standard Room, Non Smoking (Triple Room)",
triple ,,,,Standard,Standard Triple Room,
twin ,,,,Standard,"Standard Room No Windows, 2 Twin Beds",
twin ,,,,Standard,"Standard Room, 2 Twin Beds",
twin ,,,,Standard,"Standard Room, 2 Twin Beds, Non Smoking",
twin ,,,,Standard,"Standard Room, Non Smoking (Twin)",
twin ,,,,Standard,Standard Twin (No Window),
twin ,,,,Standard,Standard Twin Room,
,,,,Standard,Standard,
,,,,Standard,Standard - Day Use Room 12 Hours,
,,,,Standard,Standard - Day Use Room 6 Hours,
,,,,Standard,Standard Room,
,,,,Standard,Standard Room (No Window),
,,,,Standard,Standard Room (Zen Room),
,,,,Standard,Standard Room With Window,
,,,,Standard,Standard Room Without Window,
,,,,Standard,"Standard Room, No Windows",
,,,,Standard,"Standard Room, No Windows, No View",
,,,,Standard,"Standard Room, Non Smoking",
,,,,Standard,Standard Room.,
,,,,Standard,Standard Window,
,king ,,,Standard,"Standard Room, 1 King Bed",
,king ,,,Standard,Superior King (No Window),
,queen ,,,Standard,Standard Queen,
,queen ,,,Standard,Standard Queen - No Window,
,queen ,,,Standard,Standard Queen Room,
,queen ,,,Standard,Standard Room With Queen Bed,
,queen ,,,Standard,"Standard Room, 1 Queen Bed",
,queen ,,,Standard,"Standard Room, 1 Queen Bed, No Windows",
,queen ,,,Standard,"Standard Room, 1 Queen Bed, Non Smoking",
,queen ,,,Standard,"Standard Single Room, 1 Queen Bed",
,queen ,,,Standard,"Standard, One Queen Bed",
,queen ,,,Standard,Superior Queen (No Window),
twin ,,deluxe ,,Standard Deluxe,Standard Deluxe Twin,
,king ,deluxe ,,Standard Deluxe,Standard Deluxe King,
double ,,,,Standard Double,Double Standard,
double ,,,,Standard Double,Standard  Double,
double ,,,,Standard Double,Standard  Double Room,
double ,,,,Standard Double,Standard - Double,
double ,,,,Standard Double,Standard - Double Room,
double ,,,,Standard Double,Standard Double,
double ,,,,Standard Double,Standard Double Room,
double ,,,,Standard Double,Standard Double Room (With Shared Toilet),
double ,,,,Standard Double,"Standard Double Room, No Windows - Room Only",
double ,,,,Standard Double,"Standard Double Room, Non Smoking",
double ,,,,Standard Double,Standard Double Window,
double ,,,,Standard Double,Standard Double With Shared Toilet,
double ,,,,Standard Double,"Standard Room No Windows, 1 Double Bed",
double ,,,,Standard Double,"Standard Room, Non Smoking (Double)",
double ,queen ,,,Standard Double,"Standard Double Room, 1 Queen Bed",
double twin ,,,,Standard Double,Double Or Twin Standard,
double twin ,,,,Standard Double,Double Or Twin Standard Room,
double twin ,,,,Standard Double,Double Or Twin Standard Without Window,
double twin ,,,,Standard Double,Double/Twin Standard,
double twin ,,,,Standard Double,Standard (Double Or Twin),
double twin ,,,,Standard Double,Standard Double Or Twin,
double twin ,,,,Standard Double,Standard Double Or Twin (Max 2 Pax),
double twin ,,,,Standard Double,Standard Double Or Twin (No Window),
double twin ,,,,Standard Double,Standard Double Or Twin No Window,
double twin ,,,,Standard Double,Standard Double Or Twin Room,
double twin ,,,,Standard Double,"Standard Double Or Twin Room, 2 Bedrooms, Smoking",
double twin ,,,,Standard Double,"Standard Double Or Twin Room, Shared Bathroom (Fan)",
double twin ,,,,Standard Double,Standard Double Twin,
double twin ,,,,Standard Double,Standard Double/Twin Room,
double twin ,,,,Standard Double,"Standard Room, 1 Double Or 2 Twin Beds",
double twin ,,,,Standard Double,Standard Twin Or Double,
double twin ,,,,Standard Double,Standard Twin/Double (New Wing),
double twin ,,,,Standard Double,Standard Twin/Double (Old Wing),
,,suite ,,Standard Junior Suite,Junior Suite Standard,
,,suite ,,Standard Junior Suite,Junior Suite Standard Zone,
,,suite ,,Standard Junior Suite,Standard Junior Suite,
twin ,,,,Standard Studio,Standard Studio (Twin),
twin ,,,,Standard Studio,Standard Studio Twin,
twin ,,,,Standard Studio,Standard Studio Twin Bed Room,
,,suite ,,Standard Suite,Standard Suite,
twin ,,superior ,,Standard Superior,Standard Superior Twin,
twin ,,superior ,,Standard Superior,Superior Standard Twin,
,,superior ,,Standard Superior,Standard / Superior,
,,superior ,,Standard Superior,Standard Superior,
,,superior ,,Standard Superior,Standard Superior No Window,
,,superior ,,Standard Superior,Superior Standard Zone,
,queen ,superior ,,Standard Superior,Superior Standard Queen,
,,superior suite ,,Standard Superior Suite,Superior Suite Standard,
,king ,,,Standart,King Room,
,king ,,Golf,Standart,"Room, 1 King Bed, Golf View",
,king ,,,Standart,"Room, 1 King Bed, Non Smoking",
,queen ,,,Standart,Queen Room,
,queen ,,,Standart,Queen/Queen,
double twin ,,,,Studio,Double Or Twin Studio,
single ,,,,Studio,"Studio, 2 Single Beds",
twin ,,,,Studio,Twin Studio Loft,
twin ,,,Garden,Studio,Garden View Twin Studio,
twin ,,,,Studio,Studio Twin,
twin ,,,,Studio,Studio Twin Room,
twin ,,,,Studio,"Studio, 2 Twin Beds (Twin)",
twin ,,,,Studio,Twin Studio,
,,,,Studio,Studio,
,,,,Studio,Studio  Room,
,,,,Studio,Studio Room,
,,,City,Studio,"Studio, City View",
,,,,Studio,Studio.,
,queen ,,,Studio,Queen Studio,
,queen ,,,Studio,Studio Queen,
,queen ,,,Studio,"Studio, 1 Queen Bed",
,queen ,deluxe ,,Studio Deluxe,Deluxe Queen Studio,
double ,,,,Studio Double,Double Studio,
,,executive ,,Studio Executive,Studio Executive,
,,premier ,,Studio Premier,Studio Premier,
,,,,Studio Standard,Standard Studio,
,,,,Studio Standard,Standard Studio (2 Adults),
,,,,Studio Standard,Standard Studio 1,
,,,,Studio Standard,Standard Studio 2,
,,,,Studio Standard,Standard Studio 5,
,,,,Studio Standard,Studio Standard,
,,,,Studio Standard,Studio Standard Fl. 2 - 4,
single ,,suite ,,Studio Suite,Studio Suite Single,
,,suite ,City,Studio Suite,"City Studio Suite, 1 Queen Bed, Balcony, City View",
,,suite ,,Studio Suite,Studio - Suite,
,,suite ,,Studio Suite,Studio Suite,
,,suite ,,Studio Suite,Studio Suite Twin,
,,suite ,,Studio Suite,Studio Suite.,
,king ,suite ,,Studio Suite,"Studio Suite, 1 King Bed",
,queen ,suite ,,Studio Suite,Studio Suite (1 Queen Bed),
,queen ,suite ,,Studio Suite,Studio Suite (2 Queen Bed),
double ,,suite ,,Suite,Double Suite,
double ,,suite ,,Suite,Suite Double Bed,
double ,king ,suite ,,Suite,Double Loft King Suite,
double twin ,,suite ,,Suite,Suite Double Or Twin,
,,classic suite ,,Suite,Klcc View Classic Suite,
,queen ,suite ,,Suite,"Signature Suite, 2 Queen Beds",
,,suite ,,Suite,Jj Suite,
,,suite ,,Suite,One Bedroom Suite,
,,suite ,,Suite,Suite,
,,suite ,,Suite,Suite 1 Bedroom,
,,suite ,,Suite,"Suite, 1 Bedroom",
,,suite ,,Suite,"Suite, 1 Bedroom, Kitchenette",
,,suite ,,Suite,"Suite, 2 Bedrooms",
,,suite ,Towers,Suite,Twin Towers View Suite,
,king ,suite ,,Suite,John Jacob Astor King Suite,
,king ,suite ,,Suite,King Suite Non-Smoking,
,king ,suite ,,Suite,King Suite Room,
,king ,suite ,,Suite,Twin Towers View Suite 1 King,
,queen ,suite ,,Suite,2 Bedroom Suite Queen Bed,
,queen ,suite ,,Suite,Suite Queen,
,queen ,suite ,,Suite,Suite Queen Size Bed,
,queen ,suite ,,Suite,"Suite, 1 Queen Bed",
double ,,superior ,,Superior,Double Room - Superior,
double ,,superior ,,Superior,Double Room Queen Bed - Superior,
double ,,superior ,,Superior,Double Superior,
double ,,superior ,,Superior,Superior  Double,
double ,,superior ,,Superior,Superior  Double Room,
double ,,superior ,,Superior,Superior - Double,
double ,,superior ,,Superior,Superior Double,
double ,,superior ,,Superior,Superior Double Room,
double ,,superior ,,Superior,Superior Double Room - Non-Smoking,
double ,,superior ,,Superior,"Superior Double Room, No Windows",
double ,,superior ,,Superior,"Superior Double Room, Non Smoking",
double ,king ,superior ,,Superior,Double Room King Bed - Superior,
double single ,,superior ,,Superior,"Superior Room, 1 Double Or 2 Single Beds",
double single ,,superior ,,Superior,Superior Single Or Double Room,
double twin ,,superior ,,Superior,Double Or Twin Superior,
double twin ,,superior ,,Superior,Double Or Twin Superior Tower Wing,
double twin ,,superior ,,Superior,Hanoi Classic - Superior Double Or Twin Room,
double twin ,,superior ,,Superior,Superior  Double Or Twin Room ,
double twin ,,superior ,,Superior,Superior Double  Or Twin Room,
double twin ,,superior ,,Superior,Superior Double Or Twin Room,
double twin ,,superior ,,Superior,"Superior Room, 1 Double Or 2 Twin Beds",
double twin ,,superior ,,Superior,Twin/Double Room - Superior,
single ,,superior ,,Superior,Superior (2 Single Beds),
single ,,superior ,,Superior,Superior 2 Single Beds,
single ,,superior ,,Superior,Superior Room - 2 Single Beds,
single ,,superior ,,Superior,Superior Room 2 Single Beds,
single ,,superior ,,Superior,"Superior Room, 2 Single Beds",
single ,,superior ,,Superior,Superior Single,
triple ,,superior ,,Superior,Superior Triple Room,
triple double single ,,superior ,,Superior,Superior Triple (1 Double Bed And 1 Single Bed),
triple single ,,superior ,,Superior,Superior Triple - 3 Single Beds,
twin ,king ,superior ,,Superior,Corporate Superior King Or Twin,
twin ,,superior ,,Superior,Superior  Twin Room,
twin ,,superior ,,Superior,Superior (Twin),
twin ,,superior ,,Superior,Superior Room (Twin),
twin ,,superior ,,Superior,Superior Room Twin,
twin ,,superior ,,Superior,"Superior Room, 2 Twin Beds",
twin ,,superior ,,Superior,"Superior Room, 2 Twin Beds (Heliconia)",
twin ,,superior ,,Superior,Superior Twin,
twin ,,superior ,,Superior,Superior Twin  Room,
twin ,,superior ,,Superior,Superior Twin (Window),
twin ,,superior ,,Superior,Superior Twin (Without Window),
twin ,,superior ,,Superior,Superior Twin - No Window,
twin ,,superior ,,Superior,Superior Twin Room,
twin ,,superior ,,Superior,Superior Twin Room - 2 Single Beds,
twin ,,superior ,,Superior,Superior Twin Room With Window,
twin ,,superior ,,Superior,Superior Twin Room Without Window,
twin ,,superior ,,Superior,"Superior Twin Room, 2 Twin Beds",
twin ,,superior ,,Superior,"Superior Twin Room, No Windows",
twin ,,superior ,,Superior,Twin Room - Superior,
twin ,,superior ,,Superior,Twin Room - Superior - Tower,
twin ,,superior ,,Superior,Twin Room Superior,
twin ,,superior ,,Superior,Twin Superior,
,,superior ,,Superior,Superior,
,,superior ,,Superior,Superior  Room,
,,superior ,,Superior,Superior (No Window),
,,superior ,,Superior,Superior No Window,
,,superior ,,Superior,Superior Room,
,,superior ,,Superior,Superior Room (Newly Renovated!),
,,superior ,,Superior,Superior Room (Non Seaview),
,,superior ,,Superior,Superior Room (Windowless),
,,superior ,,Superior,Superior Room (With Window),
,,superior ,,Superior,Superior Room - Room Only, 1 Single Bed
,,superior ,,Superior,"Superior Room, 1 Bedroom",
,,superior ,City,Superior,"Superior Room, City View",
,,superior ,,Superior,"Superior Room, No Windows",
,,superior ,Sea,Superior,"Superior Room, Sea View",
,,superior ,,Superior,Superior Room.,
,,superior ,,Superior,Superior V,
,,superior ,,Superior,Superior Window,
,,superior ,,Superior,Superior With Window,
,,superior ,,Superior,Superior(Newly Renovated),
,,superior ,,Superior,"Superior, No Window",
,,superior ,,Superior,Superior.,
,queen ,superior ,,Superior,Corporate Superior Queen,
,queen ,superior ,,Superior,Superior Queen,
,queen ,superior ,,Superior,Superior Queen (Window),
,queen ,superior ,,Superior,Superior Queen (Without Window),
,queen ,superior ,,Superior,Superior Queen Room,
,queen ,superior ,,Superior,Superior Queen Room With Window,
,queen ,superior ,,Superior,Superior Queen.,
,queen ,superior ,,Superior,Superior Room (Queen),
,queen ,superior ,,Superior,"Superior Room, 1 Queen Bed",
,queen ,superior ,,Superior,"Superior Room, 2 Queen Beds",
,,superior ,,Superior,Superior Studio,
,,superior ,,Superior Chalet,Superior Chalet,
double ,,superior ,,Superior Club,Club Superior Double Room,
double twin ,,superior ,,Superior Club,Double Or Twin Club Superior,
double twin ,,superior ,,Superior Club,Twin/Double Room - Superior - Club Room,
twin ,,superior ,,Superior Club,Club Superior Twin Room,
,,superior ,,Superior Club,Club Superior Room,
,,superior ,,Superior Club,Superior Club,
,,superior ,,Superior Club,Superior Club With Breakfast,
,king ,superior ,,Superior Club,Club Superior King Room,
,,superior ,,Superior Condo,"Superior Condo, 1 Bedroom",
,,superior ,,Superior Condo,"Superior Condo, 2 Bedrooms",
,,superior ,,Superior Condo,"Superior Condo, 3 Bedrooms",
double ,,superior deluxe ,,Superior Deluxe,Superior Deluxe Double,
twin ,,superior deluxe ,,Superior Deluxe,Superior Deluxe Twin,
,,superior deluxe ,,Superior Deluxe,Standard Deluxe,
,king ,superior deluxe ,,Superior Deluxe,Superior Deluxe King,
,,superior ,,Superior Family,Family Room (Superior ),
,,superior ,,Superior Family,Superior Family,
,,superior ,,Superior Family,Superior Family Room - 1 Queen Bed &Amp,
,,superior suite ,,Superior Family Suite,Superior Family Suite (2 Adults And 2 Children),
,king ,superior ,,Superior,Superior King,
,king ,superior ,,Superior,Superior Room (King),
,king ,superior ,,Superior,"Superior Room, 1 King Bed",
,king ,superior ,,Superior,"Superior Room, 1 King Bed - Room Only",
double ,,superior ,,Superior Studio,Studio Superior Double,
double twin ,,superior ,,Superior Studio,Double Or Twin Superior Studio,
twin ,,superior ,,Superior Studio,Superior Studio - Twin Bed,
twin ,,superior ,,Superior Studio,Superior Studio Twin Bed Room,
,king ,superior ,,Superior Studio,Studio Superior King,
,king ,superior ,,Superior Studio,Superior Studio King,
,king ,superior ,,Superior Studio,"Superior Studio, 1 King Bed",
,queen ,superior ,,Superior Studio,Superior Studio - Queen Bed,
,,superior ,,Superior Studio Apartment,Superior Studio Apartment,
,,superior suite ,,Superior Studio,Superior Studio Suite,
,,superior suite ,,Superior Studio,"Superior Studio Suite, 1 King Bed",
,,superior suite ,,Superior Studio,"Superior Studio Suite, Balcony",
double twin ,,superior suite ,,Superior Suite,Double Or Twin Superior Suite,
twin ,,superior suite ,,Superior Suite,Twin Superior Suite,
,,superior suite ,,Superior Suite,Suite One Bedroom Superior,
,,superior suite ,,Superior Suite,Suite Superior,
,,superior suite ,,Superior Suite,Superior Suite,
,,superior suite ,,Superior Suite,"Superior Suite, 1 Bedroom",
,king ,superior suite ,,Superior Suite,"Superior Suite, 1 King Bed, Balcony",
,queen ,superior suite ,,Superior Suite,Superior Suite With 2 Queen Bed,
,,superior ,,Superior Villa,Superior Villa,
,,superior ,,Superior Villa,Villa Superior,
triple ,,,,Triple,Triple Room,
triple ,,,,Triple,Triple Room (No Window),
triple ,,,,Triple,Triple Room Shared Bathroom,
triple ,,,,Triple,Triple Room With Shared Bathroom,
triple ,,,,Triple,"Triple Room, Shared Bathroom",
triple double ,,,,Triple,Triple Bed - 1 Double With 1 Bunk Bed,
triple double single ,,,,Triple,Triple - 1 Double + 1 Single Bed,
triple ,,,,Triple Bunk,Triple - Bunk Bed Style,
triple ,,suite ,,Triple Suite,Triple Suite,
twin ,,,,Twin,My Twin Room,
twin ,,,Towers,Twin,Traders Twin Towers View,
twin ,,,Towers,Twin,Traders Twin Towers View Twin,
twin ,,,,Twin,Twin,
twin ,,,,Twin,Twin  Room,
twin ,,,,Twin,Twin Room,
twin ,,,,Twin,Twin Room (Cozy),
twin ,,,,Twin,Twin Room (No Window),
twin ,,,,Twin,"Twin Room, Shared Bathroom, Courtyard View",
,,suite ,,Villa,Serenity Villa Suite,
,,,,Villa,Three Bedroom Villa,
,,,,Villa,Two Bedroom Villa,
,,,,Villa,Villa,
,,,,Villa,"Villa, 2 Bedrooms",
